"Year","State","Deaths","Population","Crude Rate","Age-Adjusted Rate","Years of Potential Life Lost"
"2020","Alabama","793","4,921,532","16.11","15.91","16,261"
"2020","Alaska","204","731,158","27.90","27.18","5,460"
"2020","Arizona","1,363","7,421,401","18.37","17.63","27,300"
"2020","Arkansas","583","3,030,522","19.24","19.15","12,603"
"2020","California","4,144","39,368,078","10.53","9.98","80,707"
"2020","Colorado","1,302","5,807,719","22.42","21.54","28,997"
"2020","Connecticut","364","3,557,006","10.23","9.33","5,982"
"2020","Delaware","124","986,809","12.57","12.14","2,367"
"2020","District of Columbia","38","712,816","5.33","5.45","818"
"2020","Florida","3,135","21,733,312","14.43","13.12","53,078"
"2020","Georgia","1,491","10,710,017","13.92","13.69","32,953"
"2020","Hawaii","184","1,407,006","13.08","12.90","3,738"
"2020","Idaho","419","1,826,913","22.94","23.23","9,271"
"2020","Illinois","1,362","12,587,530","10.82","10.53","28,876"
"2020","Indiana","1,024","6,754,953","15.16","15.03","22,390"
"2020","Iowa","552","3,163,561","17.45","18.08","11,869"
"2020","Kansas","531","2,913,805","18.22","18.37","12,673"
"2020","Kentucky","801","4,477,251","17.89","17.74","16,744"
"2020","Louisiana","642","4,645,318","13.82","13.78","13,543"
"2020","Maine","234","1,350,141","17.33","16.31","4,169"
"2020","Maryland","585","6,055,802","9.66","9.22","11,520"
"2020","Massachusetts","618","6,893,574","8.97","8.35","11,685"
"2020","Michigan","1,444","9,966,555","14.49","13.92","28,578"
"2020","Minnesota","758","5,657,342","13.40","13.08","15,532"
"2020","Mississippi","410","2,966,786","13.82","13.91","8,819"
"2020","Missouri","1,125","6,151,548","18.29","18.13","24,079"
"2020","Montana","300","1,080,577","27.76","25.88","5,711"
"2020","Nebraska","283","1,937,552","14.61","14.86","6,425"
"2020","Nevada","603","3,138,259","19.21","18.22","10,951"
"2020","New Hampshire","234","1,366,275","17.13","16.37","4,685"
"2020","New Jersey","679","8,882,371","7.64","7.10","12,389"
"2020","New Mexico","516","2,106,319","24.50","24.18","11,423"
"2020","New York","1,642","19,336,776","8.49","8.00","30,851"
"2020","North Carolina","1,441","10,600,823","13.59","13.20","29,835"
"2020","North Dakota","135","765,309","17.64","18.09","3,358"
"2020","Ohio","1,644","11,693,217","14.06","13.75","33,893"
"2020","Oklahoma","869","3,980,783","21.83","21.88","19,248"
"2020","Oregon","833","4,241,507","19.64","18.28","15,605"
"2020","Pennsylvania","1,694","12,783,254","13.25","12.55","31,784"
"2020","Rhode Island","94","1,057,125","8.89","8.39","1,798"
"2020","South Carolina","868","5,218,040","16.64","16.27","18,313"
"2020","South Dakota","186","892,717","20.84","21.10","4,436"
"2020","Tennessee","1,220","6,886,834","17.72","17.13","24,098"
"2020","Texas","3,924","29,360,759","13.37","13.33","90,751"
"2020","Utah","651","3,249,879","20.03","20.81","16,327"
"2020","Vermont","117","623,347","18.77","17.85","2,365"
"2020","Virginia","1,202","8,590,563","13.99","13.44","24,978"
"2020","Washington","1,212","7,693,612","15.75","15.16","24,882"
"2020","West Virginia","354","1,784,787","19.83","19.45","7,059"
"2020","Wisconsin","866","5,832,655","14.85","14.54","17,636"
"2020","Wyoming","182","582,328","31.25","30.46","3,618"
"2019","Alabama","804","4,907,965","16.38","16.26","16,079"
"2019","Alaska","210","733,603","28.63","28.44","5,857"
"2019","Arizona","1,419","7,291,843","19.46","18.56","26,547"
"2019","Arkansas","548","3,020,985","18.14","17.95","11,532"
"2019","California","4,436","39,437,610","11.25","10.66","83,865"
"2019","Colorado","1,312","5,758,486","22.78","22.09","29,297"
"2019","Connecticut","435","3,566,022","12.20","11.36","7,983"
"2019","Delaware","111","976,668","11.37","11.22","2,129"
"2019","District of Columbia","44","708,253","6.21","6.06","1,005"
"2019","Florida","3,465","21,492,056","16.12","14.49","55,003"
"2019","Georgia","1,585","10,628,020","14.91","14.65","33,154"
"2019","Hawaii","224","1,415,615","15.82","15.67","4,702"
"2019","Idaho","365","1,789,060","20.40","20.27","7,439"
"2019","Illinois","1,439","12,667,017","11.36","10.88","28,161"
"2019","Indiana","972","6,731,010","14.44","14.21","19,812"
"2019","Iowa","528","3,159,596","16.71","16.67","11,470"
"2019","Kansas","523","2,912,635","17.96","18.14","11,994"
"2019","Kentucky","756","4,472,345","16.90","16.48","15,138"
"2019","Louisiana","704","4,658,285","15.11","15.03","14,476"
"2019","Maine","276","1,345,770","20.51","19.39","4,863"
"2019","Maryland","657","6,054,954","10.85","10.28","12,812"
"2019","Massachusetts","647","6,894,883","9.38","8.63","12,031"
"2019","Michigan","1,472","9,984,795","14.74","14.28","29,237"
"2019","Minnesota","830","5,640,053","14.72","14.46","17,475"
"2019","Mississippi","436","2,978,227","14.64","14.46","8,963"
"2019","Missouri","1,141","6,140,475","18.58","18.21","23,525"
"2019","Montana","289","1,070,123","27.01","26.12","5,892"
"2019","Nebraska","309","1,932,571","15.99","15.99","6,309"
"2019","Nevada","642","3,090,771","20.77","19.71","11,775"
"2019","New Hampshire","255","1,360,783","18.74","17.32","4,927"
"2019","New Jersey","762","8,891,258","8.57","8.02","14,188"
"2019","New Mexico","513","2,099,634","24.43","24.03","11,084"
"2019","New York","1,705","19,463,131","8.76","8.26","33,782"
"2019","North Carolina","1,358","10,501,384","12.93","12.50","26,918"
"2019","North Dakota","136","763,724","17.81","18.45","3,180"
"2019","Ohio","1,806","11,696,507","15.44","15.13","36,449"
"2019","Oklahoma","816","3,960,676","20.60","20.46","17,418"
"2019","Oregon","906","4,216,116","21.49","20.25","17,321"
"2019","Pennsylvania","1,896","12,798,883","14.81","14.05","34,849"
"2019","Rhode Island","123","1,058,158","11.62","10.78","2,073"
"2019","South Carolina","852","5,157,702","16.52","16.15","17,353"
"2019","South Dakota","182","887,127","20.52","20.92","4,632"
"2019","Tennessee","1,219","6,830,325","17.85","17.20","23,327"
"2019","Texas","3,891","28,986,794","13.42","13.39","86,083"
"2019","Utah","654","3,203,383","20.42","21.25","16,668"
"2019","Vermont","110","624,046","17.63","16.03","1,944"
"2019","Virginia","1,140","8,556,642","13.32","12.77","23,072"
"2019","Washington","1,263","7,614,024","16.59","15.89","24,087"
"2019","West Virginia","330","1,795,263","18.38","18.54","6,808"
"2019","Wisconsin","845","5,824,581","14.51","13.99","16,590"
"2019","Wyoming","170","580,116","29.30","29.51","3,415"
"2018","Alabama","823","4,891,628","16.83","16.47","17,092"
"2018","Alaska","184","736,624","24.98","24.45","4,806"
"2018","Arizona","1,438","7,164,228","20.07","19.22","27,938"
"2018","Arkansas","554","3,012,161","18.39","18.37","11,608"
"2018","California","4,491","39,437,463","11.39","10.85","84,137"
"2018","Colorado","1,282","5,697,155","22.50","21.81","28,595"
"2018","Connecticut","419","3,574,561","11.72","10.53","6,798"
"2018","Delaware","113","966,985","11.69","11.47","2,642"
"2018","District of Columbia","54","704,147","7.67","7.34","1,159"
"2018","Florida","3,567","21,254,926","16.78","15.17","56,052"
"2018","Georgia","1,569","10,519,389","14.92","14.54","32,720"
"2018","Hawaii","176","1,423,102","12.37","11.74","3,480"
"2018","Idaho","417","1,752,074","23.80","23.93","9,199"
"2018","Illinois","1,488","12,724,685","11.69","11.33","30,784"
"2018","Indiana","1,079","6,698,481","16.11","15.95","23,559"
"2018","Iowa","490","3,149,900","15.56","15.49","10,179"
"2018","Kansas","556","2,912,748","19.09","19.23","13,091"
"2018","Kentucky","800","4,464,273","17.92","17.43","15,878"
"2018","Louisiana","720","4,664,450","15.44","15.14","14,652"
"2018","Maine","270","1,340,123","20.15","18.42","4,699"
"2018","Maryland","650","6,042,153","10.76","10.15","12,299"
"2018","Massachusetts","740","6,885,720","10.75","9.95","13,705"
"2018","Michigan","1,548","9,987,286","15.50","15.06","32,172"
"2018","Minnesota","739","5,608,762","13.18","13.10","16,555"
"2018","Mississippi","421","2,982,879","14.11","13.71","8,390"
"2018","Missouri","1,230","6,125,986","20.08","19.49","25,412"
"2018","Montana","265","1,061,818","24.96","24.85","5,786"
"2018","Nebraska","271","1,925,512","14.07","13.43","5,363"
"2018","Nevada","657","3,030,725","21.68","20.86","12,271"
"2018","New Hampshire","279","1,355,064","20.59","19.28","5,199"
"2018","New Jersey","778","8,891,730","8.75","8.28","14,766"
"2018","New Mexico","536","2,093,754","25.60","25.00","11,544"
"2018","New York","1,723","19,544,098","8.82","8.28","33,042"
"2018","North Carolina","1,494","10,391,358","14.38","13.71","28,575"
"2018","North Dakota","147","760,062","19.34","18.75","3,674"
"2018","Ohio","1,838","11,680,892","15.74","15.25","37,143"
"2018","Oklahoma","790","3,943,488","20.03","19.99","16,749"
"2018","Oregon","844","4,183,538","20.17","19.04","16,408"
"2018","Pennsylvania","2,014","12,809,107","15.72","14.89","37,933"
"2018","Rhode Island","106","1,059,338","10.01","9.58","1,852"
"2018","South Carolina","811","5,091,702","15.93","15.45","16,605"
"2018","South Dakota","167","879,386","18.99","19.27","4,371"
"2018","Tennessee","1,161","6,778,180","17.13","16.59","22,646"
"2018","Texas","3,930","28,624,564","13.73","13.70","87,080"
"2018","Utah","665","3,155,153","21.08","22.16","16,793"
"2018","Vermont","125","624,802","20.01","18.69","2,290"
"2018","Virginia","1,243","8,510,920","14.61","13.99","24,917"
"2018","Washington","1,252","7,526,793","16.63","15.87","24,748"
"2018","West Virginia","395","1,805,953","21.87","21.12","7,555"
"2018","Wisconsin","888","5,809,319","15.29","14.84","18,120"
"2018","Wyoming","147","579,054","25.39","24.70","3,058"
"2017","Alabama","836","4,877,989","17.14","16.64","16,275"
"2017","Alaska","200","740,983","26.99","27.08","5,286"
"2017","Arizona","1,327","7,048,088","18.83","18.05","25,732"
"2017","Arkansas","631","3,003,855","21.01","20.73","13,080"
"2017","California","4,312","39,337,785","10.96","10.50","82,531"
"2017","Colorado","1,181","5,617,421","21.02","20.31","26,270"
"2017","Connecticut","405","3,575,324","11.33","10.50","7,468"
"2017","Delaware","112","957,942","11.69","11.68","2,270"
"2017","District of Columbia","47","697,079","6.74","6.32","1,161"
"2017","Florida","3,227","20,977,089","15.38","13.95","52,695"
"2017","Georgia","1,451","10,417,031","13.93","13.61","30,250"
"2017","Hawaii","227","1,425,763","15.92","15.05","4,828"
"2017","Idaho","392","1,719,745","22.79","23.12","8,347"
"2017","Illinois","1,474","12,779,893","11.53","11.22","31,399"
"2017","Indiana","1,092","6,662,068","16.39","16.37","23,795"
"2017","Iowa","479","3,143,734","15.24","15.14","10,127"
"2017","Kansas","553","2,910,892","19.00","18.97","12,538"
"2017","Kentucky","770","4,455,590","17.28","17.02","15,292"
"2017","Louisiana","720","4,673,673","15.41","15.23","15,315"
"2017","Maine","274","1,335,743","20.51","18.80","4,464"
"2017","Maryland","630","6,028,186","10.45","9.91","12,532"
"2017","Massachusetts","682","6,863,560","9.94","9.43","14,128"
"2017","Michigan","1,457","9,976,752","14.60","14.11","29,150"
"2017","Minnesota","783","5,569,283","14.06","13.90","16,704"
"2017","Mississippi","445","2,990,674","14.88","14.97","9,198"
"2017","Missouri","1,151","6,111,382","18.83","18.51","24,161"
"2017","Montana","311","1,053,862","29.51","28.76","6,258"
"2017","Nebraska","275","1,916,998","14.35","14.73","6,317"
"2017","Nevada","627","2,972,097","21.10","20.44","11,797"
"2017","New Hampshire","265","1,350,395","19.62","18.64","5,554"
"2017","New Jersey","795","8,888,147","8.94","8.49","15,356"
"2017","New Mexico","491","2,092,844","23.46","23.21","10,836"
"2017","New York","1,696","19,593,849","8.66","8.23","34,028"
"2017","North Carolina","1,521","10,275,758","14.80","14.26","30,090"
"2017","North Dakota","154","756,755","20.35","20.48","4,032"
"2017","Ohio","1,740","11,665,706","14.92","14.84","36,819"
"2017","Oklahoma","756","3,933,602","19.22","19.07","17,095"
"2017","Oregon","825","4,147,294","19.89","18.99","15,605"
"2017","Pennsylvania","2,030","12,794,679","15.87","15.05","38,241"
"2017","Rhode Island","129","1,056,554","12.21","11.83","2,662"
"2017","South Carolina","838","5,027,102","16.67","16.22","16,861"
"2017","South Dakota","191","873,732","21.86","22.27","4,724"
"2017","Tennessee","1,166","6,714,748","17.37","16.88","22,849"
"2017","Texas","3,778","28,291,024","13.35","13.35","84,679"
"2017","Utah","663","3,103,540","21.36","22.74","16,309"
"2017","Vermont","112","625,132","17.92","18.37","2,402"
"2017","Virginia","1,179","8,471,011","13.92","13.33","23,962"
"2017","Washington","1,297","7,427,951","17.46","16.82","25,767"
"2017","West Virginia","393","1,818,683","21.61","21.16","7,091"
"2017","Wisconsin","926","5,793,147","15.98","15.46","18,669"
"2017","Wyoming","157","579,994","27.07","26.66","3,342"
"2016","Alabama","788","4,866,824","16.19","15.61","15,261"
"2016","Alaska","193","742,575","25.99","25.38","5,577"
"2016","Arizona","1,271","6,944,767","18.30","17.56","23,585"
"2016","Arkansas","555","2,991,815","18.55","18.17","11,012"
"2016","California","4,294","39,149,186","10.97","10.50","80,418"
"2016","Colorado","1,168","5,543,844","21.07","20.46","25,482"
"2016","Connecticut","397","3,579,830","11.09","10.01","6,747"
"2016","Delaware","119","949,989","12.53","11.52","2,035"
"2016","District of Columbia","40","687,576","5.82","5.05","921"
"2016","Florida","3,143","20,627,237","15.24","13.91","51,424"
"2016","Georgia","1,409","10,308,442","13.67","13.27","29,763"
"2016","Hawaii","174","1,428,885","12.18","12.02","4,159"
"2016","Idaho","351","1,684,036","20.84","21.29","7,006"
"2016","Illinois","1,415","12,821,709","11.04","10.69","28,070"
"2016","Indiana","1,034","6,637,898","15.58","15.35","21,413"
"2016","Iowa","451","3,133,210","14.39","14.56","9,791"
"2016","Kansas","514","2,912,977","17.65","17.89","11,540"
"2016","Kentucky","756","4,440,306","17.03","16.78","15,289"
"2016","Louisiana","677","4,681,346","14.46","14.14","14,429"
"2016","Maine","226","1,332,348","16.96","15.72","4,215"
"2016","Maryland","586","6,007,014","9.76","9.36","11,359"
"2016","Massachusetts","631","6,827,280","9.24","8.70","12,936"
"2016","Michigan","1,364","9,954,117","13.70","13.24","27,778"
"2016","Minnesota","745","5,525,360","13.48","13.18","15,857"
"2016","Mississippi","383","2,990,595","12.81","12.68","8,033"
"2016","Missouri","1,133","6,091,384","18.60","18.28","24,274"
"2016","Montana","267","1,042,137","25.62","25.99","6,232"
"2016","Nebraska","246","1,906,483","12.90","13.06","5,943"
"2016","Nevada","650","2,919,555","22.26","21.58","11,446"
"2016","New Hampshire","244","1,343,694","18.16","17.18","4,505"
"2016","New Jersey","687","8,873,584","7.74","7.23","12,534"
"2016","New Mexico","471","2,092,555","22.51","22.36","9,441"
"2016","New York","1,679","19,636,391","8.55","8.13","32,620"
"2016","North Carolina","1,373","10,161,802","13.51","12.95","26,565"
"2016","North Dakota","140","756,114","18.52","19.04","3,430"
"2016","Ohio","1,707","11,640,060","14.67","14.09","33,573"
"2016","Oklahoma","822","3,928,143","20.93","20.91","17,818"
"2016","Oregon","772","4,093,271","18.86","17.80","13,945"
"2016","Pennsylvania","1,970","12,788,468","15.41","14.66","37,335"
"2016","Rhode Island","126","1,057,816","11.91","11.08","2,276"
"2016","South Carolina","815","4,963,031","16.42","15.65","15,572"
"2016","South Dakota","163","863,693","18.87","20.53","4,165"
"2016","Tennessee","1,111","6,651,277","16.70","16.28","21,799"
"2016","Texas","3,488","27,914,064","12.50","12.56","76,713"
"2016","Utah","620","3,044,241","20.37","21.86","14,815"
"2016","Vermont","118","624,366","18.90","17.31","2,128"
"2016","Virginia","1,166","8,417,651","13.85","13.17","23,433"
"2016","Washington","1,141","7,299,961","15.63","14.81","22,575"
"2016","West Virginia","362","1,832,435","19.76","19.47","6,992"
"2016","Wisconsin","866","5,775,170","15.00","14.65","18,420"
"2016","Wyoming","144","585,243","24.61","25.25","2,817"
"2015","Alabama","750","4,854,803","15.45","14.89","14,472"
"2015","Alaska","201","738,430","27.22","26.91","5,622"
"2015","Arizona","1,276","6,832,810","18.68","18.19","24,608"
"2015","Arkansas","577","2,979,732","19.36","19.12","11,286"
"2015","California","4,167","38,904,296","10.71","10.32","76,879"
"2015","Colorado","1,093","5,454,328","20.04","19.47","23,267"
"2015","Connecticut","384","3,588,561","10.70","9.83","6,746"
"2015","Delaware","122","942,065","12.95","12.54","2,690"
"2015","District of Columbia","34","677,014","5.02","4.88","600"
"2015","Florida","3,205","20,219,111","15.85","14.42","52,057"
"2015","Georgia","1,317","10,183,353","12.93","12.70","26,778"
"2015","Hawaii","201","1,422,999","14.13","13.59","4,396"
"2015","Idaho","359","1,652,495","21.73","22.24","7,801"
"2015","Illinois","1,363","12,859,585","10.60","10.30","27,889"
"2015","Indiana","960","6,611,442","14.52","14.43","20,353"
"2015","Iowa","433","3,122,541","13.87","13.96","9,675"
"2015","Kansas","477","2,910,717","16.39","16.23","10,124"
"2015","Kentucky","776","4,429,126","17.52","17.05","15,292"
"2015","Louisiana","722","4,666,998","15.47","15.28","14,766"
"2015","Maine","235","1,329,098","17.68","16.15","3,911"
"2015","Maryland","553","5,988,528","9.23","8.79","10,702"
"2015","Massachusetts","642","6,797,484","9.45","8.87","13,026"
"2015","Michigan","1,410","9,934,483","14.19","13.73","28,419"
"2015","Minnesota","730","5,484,002","13.31","13.22","16,091"
"2015","Mississippi","431","2,990,231","14.41","13.97","8,517"
"2015","Missouri","1,052","6,075,411","17.32","17.02","21,150"
"2015","Montana","272","1,031,495","26.37","25.28","5,021"
"2015","Nebraska","223","1,892,059","11.79","11.63","5,240"
"2015","Nevada","558","2,868,531","19.45","18.55","10,249"
"2015","New Hampshire","228","1,337,480","17.05","16.50","4,177"
"2015","New Jersey","789","8,870,312","8.90","8.37","14,758"
"2015","New Mexico","500","2,090,071","23.92","23.46","10,291"
"2015","New York","1,652","19,657,321","8.40","7.87","30,772"
"2015","North Carolina","1,406","10,037,218","14.01","13.39","25,842"
"2015","North Dakota","124","755,537","16.41","17.40","2,940"
"2015","Ohio","1,650","11,622,315","14.20","13.88","32,940"
"2015","Oklahoma","790","3,910,518","20.20","20.43","16,596"
"2015","Oregon","762","4,018,542","18.96","17.84","14,044"
"2015","Pennsylvania","1,894","12,789,838","14.81","13.94","35,180"
"2015","Rhode Island","127","1,056,886","12.02","11.24","2,318"
"2015","South Carolina","742","4,896,006","15.16","14.81","14,892"
"2015","South Dakota","173","854,663","20.24","20.64","4,511"
"2015","Tennessee","1,068","6,595,354","16.19","15.63","20,443"
"2015","Texas","3,403","27,468,531","12.39","12.47","72,622"
"2015","Utah","630","2,983,626","21.12","22.56","15,742"
"2015","Vermont","103","625,810","16.46","14.78","1,876"
"2015","Virginia","1,118","8,367,303","13.36","12.67","21,956"
"2015","Washington","1,137","7,167,287","15.86","15.38","22,745"
"2015","West Virginia","340","1,843,332","18.45","17.54","5,868"
"2015","Wisconsin","877","5,762,927","15.22","14.62","17,473"
"2015","Wyoming","157","586,389","26.77","28.21","3,551"
"2014","Alabama","715","4,843,737","14.76","14.48","13,844"
"2014","Alaska","167","737,075","22.66","22.02","4,500"
"2014","Arizona","1,244","6,732,873","18.48","18.01","23,276"
"2014","Arkansas","515","2,968,759","17.35","17.24","10,570"
"2014","California","4,214","38,586,706","10.92","10.54","75,045"
"2014","Colorado","1,083","5,352,637","20.23","19.80","22,280"
"2014","Connecticut","379","3,595,697","10.54","9.71","6,431"
"2014","Delaware","126","933,131","13.50","13.24","2,255"
"2014","District of Columbia","52","663,603","7.84","7.68","981"
"2014","Florida","3,035","19,853,880","15.29","13.88","49,282"
"2014","Georgia","1,294","10,071,204","12.85","12.68","25,194"
"2014","Hawaii","204","1,415,335","14.41","13.69","4,102"
"2014","Idaho","320","1,632,248","19.61","20.11","6,831"
"2014","Illinois","1,398","12,885,092","10.85","10.44","27,776"
"2014","Indiana","948","6,596,019","14.37","14.26","19,909"
"2014","Iowa","407","3,110,643","13.08","12.77","8,576"
"2014","Kansas","455","2,901,861","15.68","15.67","9,109"
"2014","Kentucky","727","4,416,992","16.46","15.88","13,627"
"2014","Louisiana","679","4,645,938","14.62","14.28","13,728"
"2014","Maine","220","1,331,217","16.53","15.72","4,329"
"2014","Maryland","606","5,960,064","10.17","9.79","11,297"
"2014","Massachusetts","596","6,764,864","8.81","8.23","11,665"
"2014","Michigan","1,354","9,932,033","13.63","13.21","27,895"
"2014","Minnesota","686","5,452,665","12.58","12.26","14,855"
"2014","Mississippi","380","2,991,892","12.70","12.55","7,560"
"2014","Missouri","1,017","6,059,130","16.79","16.33","19,580"
"2014","Montana","251","1,022,657","24.54","23.83","4,790"
"2014","Nebraska","251","1,879,955","13.35","13.37","5,619"
"2014","Nevada","573","2,818,935","20.33","19.63","10,160"
"2014","New Hampshire","247","1,334,257","18.51","17.53","5,063"
"2014","New Jersey","786","8,867,277","8.86","8.39","15,125"
"2014","New Mexico","449","2,090,236","21.48","20.91","8,965"
"2014","New York","1,700","19,653,431","8.65","8.14","33,091"
"2014","North Carolina","1,351","9,937,295","13.60","13.03","25,814"
"2014","North Dakota","137","738,736","18.55","17.52","3,175"
"2014","Ohio","1,491","11,606,573","12.85","12.57","29,543"
"2014","Oklahoma","736","3,879,187","18.97","19.06","15,594"
"2014","Oregon","782","3,965,447","19.72","18.70","14,281"
"2014","Pennsylvania","1,817","12,792,392","14.20","13.28","32,436"
"2014","Rhode Island","113","1,056,511","10.70","9.99","2,342"
"2014","South Carolina","753","4,826,858","15.60","15.15","14,438"
"2014","South Dakota","141","849,670","16.60","17.10","3,466"
"2014","Tennessee","948","6,544,617","14.49","14.12","18,210"
"2014","Texas","3,254","26,963,092","12.07","12.20","69,190"
"2014","Utah","559","2,938,327","19.02","20.64","13,185"
"2014","Vermont","124","625,693","19.82","18.68","2,520"
"2014","Virginia","1,122","8,315,430","13.49","12.87","21,884"
"2014","Washington","1,119","7,057,531","15.86","15.19","22,069"
"2014","West Virginia","359","1,850,569","19.40","18.10","6,733"
"2014","Wisconsin","769","5,753,199","13.37","13.12","16,304"
"2014","Wyoming","120","583,159","20.58","20.79","2,711"
"2013","Alabama","721","4,831,586","14.92","14.35","13,532"
"2013","Alaska","171","737,626","23.18","23.02","4,781"
"2013","Arizona","1,163","6,634,690","17.53","17.38","22,232"
"2013","Arkansas","516","2,960,459","17.43","17.24","10,581"
"2013","California","4,025","38,253,768","10.52","10.18","73,619"
"2013","Colorado","1,007","5,270,774","19.11","18.52","20,509"
"2013","Connecticut","330","3,595,792","9.18","8.67","6,161"
"2013","Delaware","122","924,062","13.20","12.37","2,280"
"2013","District of Columbia","38","651,559","5.83","5.76","765"
"2013","Florida","2,928","19,551,678","14.98","13.73","47,401"
"2013","Georgia","1,212","9,975,592","12.15","11.95","24,914"
"2013","Hawaii","171","1,408,822","12.14","11.56","3,786"
"2013","Idaho","308","1,612,053","19.11","19.25","6,306"
"2013","Illinois","1,321","12,895,778","10.24","9.91","26,644"
"2013","Indiana","944","6,570,575","14.37","14.27","19,768"
"2013","Iowa","447","3,093,935","14.45","14.42","9,291"
"2013","Kansas","425","2,894,306","14.68","14.55","8,512"
"2013","Kentucky","701","4,406,906","15.91","15.48","13,983"
"2013","Louisiana","583","4,626,040","12.60","12.33","11,659"
"2013","Maine","245","1,328,543","18.44","17.40","4,534"
"2013","Maryland","569","5,925,197","9.60","9.09","11,805"
"2013","Massachusetts","572","6,715,158","8.52","8.14","12,218"
"2013","Michigan","1,295","9,914,802","13.06","12.82","26,908"
"2013","Minnesota","678","5,414,722","12.52","12.09","14,110"
"2013","Mississippi","388","2,989,839","12.98","13.01","7,810"
"2013","Missouri","960","6,042,989","15.89","15.62","19,136"
"2013","Montana","243","1,014,158","23.96","23.74","5,290"
"2013","Nebraska","220","1,865,813","11.79","11.68","4,340"
"2013","Nevada","541","2,776,956","19.48","18.69","9,787"
"2013","New Hampshire","185","1,327,272","13.94","12.77","3,518"
"2013","New Jersey","757","8,857,821","8.55","8.05","14,060"
"2013","New Mexico","431","2,092,833","20.59","20.22","8,612"
"2013","New York","1,687","19,626,488","8.60","8.09","31,896"
"2013","North Carolina","1,284","9,846,717","13.04","12.52","24,344"
"2013","North Dakota","128","723,149","17.70","17.02","3,443"
"2013","Ohio","1,526","11,579,692","13.18","12.78","29,711"
"2013","Oklahoma","665","3,853,891","17.26","17.27","13,761"
"2013","Oregon","698","3,924,110","17.79","16.80","13,125"
"2013","Pennsylvania","1,788","12,779,538","13.99","13.24","33,621"
"2013","Rhode Island","132","1,055,560","12.51","12.08","2,353"
"2013","South Carolina","696","4,766,469","14.60","14.01","13,218"
"2013","South Dakota","147","842,751","17.44","18.24","3,786"
"2013","Tennessee","1,030","6,496,943","15.85","15.31","19,432"
"2013","Texas","3,059","26,479,646","11.55","11.65","64,561"
"2013","Utah","579","2,898,773","19.97","21.44","13,582"
"2013","Vermont","112","626,603","17.87","17.18","2,055"
"2013","Virginia","1,072","8,255,861","12.99","12.52","21,105"
"2013","Washington","1,027","6,966,252","14.74","14.00","19,932"
"2013","West Virginia","323","1,854,768","17.42","16.43","5,662"
"2013","Wisconsin","850","5,738,012","14.81","14.33","17,163"
"2013","Wyoming","129","582,620","22.14","21.40","2,593"
"2012","Alabama","724","4,816,632","15.03","14.65","13,770"
"2012","Alaska","168","730,810","22.99","23.02","4,372"
"2012","Arizona","1,156","6,556,344","17.63","17.27","22,361"
"2012","Arkansas","485","2,952,876","16.43","16.33","9,998"
"2012","California","3,893","37,944,551","10.26","10.00","71,062"
"2012","Colorado","1,052","5,193,660","20.26","19.54","21,947"
"2012","Connecticut","368","3,595,211","10.24","9.88","7,033"
"2012","Delaware","125","915,518","13.65","13.21","2,747"
"2012","District of Columbia","37","635,737","5.82","5.65","845"
"2012","Florida","3,002","19,302,016","15.55","14.34","49,546"
"2012","Georgia","1,168","9,903,580","11.79","11.66","23,224"
"2012","Hawaii","190","1,395,199","13.62","12.91","3,780"
"2012","Idaho","297","1,595,910","18.61","19.09","6,594"
"2012","Illinois","1,292","12,883,029","10.03","9.74","25,944"
"2012","Indiana","940","6,538,989","14.38","14.31","19,549"
"2012","Iowa","383","3,076,844","12.45","12.57","8,616"
"2012","Kansas","502","2,886,024","17.39","17.38","11,061"
"2012","Kentucky","724","4,387,865","16.50","16.14","14,876"
"2012","Louisiana","567","4,602,067","12.32","12.35","11,801"
"2012","Maine","209","1,328,094","15.74","14.64","3,661"
"2012","Maryland","583","5,888,375","9.90","9.39","11,155"
"2012","Massachusetts","604","6,664,269","9.06","8.60","12,545"
"2012","Michigan","1,261","9,898,289","12.74","12.46","26,773"
"2012","Minnesota","656","5,377,500","12.20","11.98","13,700"
"2012","Mississippi","410","2,984,599","13.74","13.96","8,240"
"2012","Missouri","914","6,026,027","15.17","14.80","18,501"
"2012","Montana","233","1,004,168","23.20","22.52","4,724"
"2012","Nebraska","232","1,853,691","12.52","12.50","4,836"
"2012","Nevada","524","2,744,670","19.09","18.23","9,116"
"2012","New Hampshire","202","1,324,677","15.25","14.12","3,830"
"2012","New Jersey","683","8,845,671","7.72","7.41","13,827"
"2012","New Mexico","442","2,087,715","21.17","21.29","9,259"
"2012","New York","1,708","19,574,362","8.73","8.25","33,088"
"2012","North Carolina","1,286","9,751,810","13.19","12.64","24,578"
"2012","North Dakota","105","702,227","14.95","15.10","2,567"
"2012","Ohio","1,542","11,550,971","13.35","12.98","30,556"
"2012","Oklahoma","670","3,819,320","17.54","17.50","14,854"
"2012","Oregon","724","3,900,102","18.56","17.74","13,439"
"2012","Pennsylvania","1,647","12,769,123","12.90","12.37","32,382"
"2012","Rhode Island","105","1,054,893","9.95","9.47","2,061"
"2012","South Carolina","673","4,719,027","14.26","13.66","12,564"
"2012","South Dakota","141","833,859","16.91","16.93","3,176"
"2012","Tennessee","978","6,455,752","15.15","14.57","17,982"
"2012","Texas","3,037","26,084,120","11.64","11.83","64,043"
"2012","Utah","550","2,854,146","19.27","21.03","12,785"
"2012","Vermont","87","626,361","13.89","13.13","1,603"
"2012","Virginia","1,063","8,187,456","12.98","12.59","21,260"
"2012","Washington","1,038","6,898,599","15.05","14.48","21,033"
"2012","West Virginia","326","1,857,446","17.55","17.11","6,752"
"2012","Wisconsin","723","5,720,825","12.64","12.31","15,656"
"2012","Wyoming","171","576,656","29.65","29.80","3,656"
"2011","Alabama","654","4,799,642","13.63","13.18","13,065"
"2011","Alaska","143","722,349","19.80","19.44","3,707"
"2011","Arizona","1,160","6,473,416","17.92","17.85","23,306"
"2011","Arkansas","462","2,941,038","15.71","15.94","9,828"
"2011","California","3,996","37,636,311","10.62","10.38","74,569"
"2011","Colorado","913","5,121,900","17.83","17.44","19,242"
"2011","Connecticut","370","3,588,632","10.31","9.83","7,260"
"2011","Delaware","105","907,590","11.57","10.91","2,240"
"2011","District of Columbia","37","620,290","5.97","5.62","855"
"2011","Florida","2,880","19,055,607","15.11","13.91","48,324"
"2011","Georgia","1,157","9,803,630","11.80","11.71","23,207"
"2011","Hawaii","181","1,379,562","13.12","12.57","4,140"
"2011","Idaho","281","1,584,272","17.74","18.20","6,016"
"2011","Illinois","1,226","12,867,783","9.53","9.25","25,778"
"2011","Indiana","881","6,517,250","13.52","13.55","18,464"
"2011","Iowa","422","3,066,772","13.76","13.95","8,846"
"2011","Kansas","394","2,869,677","13.73","13.73","8,554"
"2011","Kentucky","675","4,370,817","15.44","15.12","13,387"
"2011","Louisiana","573","4,576,244","12.52","12.48","12,002"
"2011","Maine","235","1,328,473","17.69","16.60","4,238"
"2011","Maryland","558","5,840,241","9.55","9.15","10,902"
"2011","Massachusetts","585","6,614,218","8.85","8.34","11,796"
"2011","Michigan","1,221","9,883,053","12.35","12.16","25,308"
"2011","Minnesota","683","5,346,620","12.77","12.42","14,336"
"2011","Mississippi","389","2,979,147","13.06","13.12","7,693"
"2011","Missouri","933","6,011,182","15.52","15.32","19,160"
"2011","Montana","232","997,518","23.26","22.49","4,650"
"2011","Nebraska","193","1,840,914","10.48","10.63","3,949"
"2011","Nevada","516","2,713,114","19.02","18.38","9,645"
"2011","New Hampshire","198","1,320,444","15.00","13.71","3,770"
"2011","New Jersey","689","8,828,552","7.80","7.46","13,141"
"2011","New Mexico","420","2,080,707","20.19","20.42","9,117"
"2011","New York","1,658","19,499,921","8.50","8.09","33,656"
"2011","North Carolina","1,213","9,658,913","12.56","12.24","24,033"
"2011","North Dakota","106","685,526","15.46","15.22","2,220"
"2011","Ohio","1,465","11,545,735","12.69","12.36","30,502"
"2011","Oklahoma","693","3,788,824","18.29","18.49","14,698"
"2011","Oregon","656","3,872,672","16.94","16.46","12,816"
"2011","Pennsylvania","1,747","12,747,052","13.71","13.11","33,980"
"2011","Rhode Island","101","1,053,829","9.58","9.01","1,892"
"2011","South Carolina","658","4,672,655","14.08","13.61","12,851"
"2011","South Dakota","128","823,740","15.54","15.67","3,016"
"2011","Tennessee","955","6,400,298","14.92","14.37","18,145"
"2011","Texas","2,896","25,645,504","11.29","11.49","61,660"
"2011","Utah","502","2,814,797","17.83","19.39","11,274"
"2011","Vermont","120","627,197","19.13","17.84","2,304"
"2011","Virginia","1,054","8,102,437","13.01","12.49","20,505"
"2011","Washington","1,021","6,827,479","14.95","14.23","20,198"
"2011","West Virginia","306","1,856,606","16.48","15.92","6,111"
"2011","Wisconsin","745","5,705,840","13.06","12.78","16,434"
"2011","Wyoming","132","567,491","23.26","23.12","2,790"
"2010","Alabama","679","4,780,118","14.21","13.95","13,598"
"2010","Alaska","164","710,246","23.09","22.93","4,416"
"2010","Arizona","1,093","6,392,292","17.10","16.99","21,315"
"2010","Arkansas","447","2,916,029","15.33","15.45","9,370"
"2010","California","3,913","37,254,522","10.50","10.31","71,610"
"2010","Colorado","865","5,029,319","17.20","16.69","18,444"
"2010","Connecticut","353","3,574,151","9.88","9.33","6,827"
"2010","Delaware","106","897,947","11.81","11.44","2,179"
"2010","District of Columbia","41","601,767","6.81","6.69","891"
"2010","Florida","2,789","18,804,589","14.83","13.64","45,555"
"2010","Georgia","1,133","9,688,737","11.69","11.66","22,567"
"2010","Hawaii","207","1,360,304","15.22","15.02","4,684"
"2010","Idaho","290","1,567,658","18.50","18.77","5,723"
"2010","Illinois","1,178","12,831,572","9.18","8.96","24,050"
"2010","Indiana","864","6,484,050","13.33","13.10","17,549"
"2010","Iowa","372","3,046,877","12.21","12.09","7,676"
"2010","Kansas","401","2,853,120","14.06","13.90","9,111"
"2010","Kentucky","631","4,339,330","14.54","14.17","12,400"
"2010","Louisiana","557","4,533,500","12.29","12.31","11,610"
"2010","Maine","186","1,328,354","14.00","13.04","3,633"
"2010","Maryland","502","5,773,787","8.69","8.31","9,969"
"2010","Massachusetts","598","6,547,788","9.13","8.73","12,616"
"2010","Michigan","1,263","9,884,112","12.78","12.48","26,026"
"2010","Minnesota","606","5,303,933","11.43","11.21","13,346"
"2010","Mississippi","388","2,968,129","13.07","12.94","7,683"
"2010","Missouri","856","5,988,941","14.29","14.03","17,395"
"2010","Montana","227","989,400","22.94","21.86","4,454"
"2010","Nebraska","193","1,826,311","10.57","10.40","3,783"
"2010","Nevada","547","2,700,683","20.25","19.83","9,824"
"2010","New Hampshire","196","1,316,457","14.89","14.11","3,745"
"2010","New Jersey","719","8,791,959","8.18","7.73","13,775"
"2010","New Mexico","413","2,059,199","20.06","20.09","9,055"
"2010","New York","1,547","19,378,117","7.98","7.62","30,533"
"2010","North Carolina","1,174","9,535,762","12.31","12.02","23,073"
"2010","North Dakota","106","672,575","15.76","15.85","2,633"
"2010","Ohio","1,439","11,536,763","12.47","12.25","30,009"
"2010","Oklahoma","618","3,751,582","16.47","16.49","13,465"
"2010","Oregon","685","3,831,083","17.88","17.11","11,997"
"2010","Pennsylvania","1,576","12,702,891","12.41","11.89","32,235"
"2010","Rhode Island","129","1,052,970","12.25","12.32","2,784"
"2010","South Carolina","637","4,625,358","13.77","13.45","12,883"
"2010","South Dakota","140","814,198","17.20","17.60","3,527"
"2010","Tennessee","943","6,346,281","14.86","14.59","19,776"
"2010","Texas","2,891","25,146,072","11.50","11.72","61,396"
"2010","Utah","473","2,763,891","17.11","18.17","11,562"
"2010","Vermont","106","625,727","16.94","15.66","1,965"
"2010","Virginia","963","8,001,046","12.04","11.63","19,004"
"2010","Washington","957","6,724,540","14.23","13.93","19,168"
"2010","West Virginia","279","1,853,008","15.06","14.21","4,880"
"2010","Wisconsin","793","5,687,285","13.94","13.40","16,290"
"2010","Wyoming","131","563,775","23.24","22.36","2,717"
"2009","Alabama","673","4,757,938","14.15","13.74","12,425"
"2009","Alaska","143","698,895","20.46","19.64","3,762"
"2009","Arizona","1,060","6,343,154","16.71","16.73","20,072"
"2009","Arkansas","422","2,896,843","14.57","14.38","8,712"
"2009","California","3,823","36,961,229","10.34","10.20","69,741"
"2009","Colorado","941","4,972,195","18.93","18.73","20,113"
"2009","Connecticut","316","3,561,807","8.87","8.54","6,341"
"2009","Delaware","107","891,730","12.00","11.70","2,140"
"2009","District of Columbia","29","592,228","4.90","4.58","766"
"2009","Florida","2,858","18,652,644","15.32","14.38","48,922"
"2009","Georgia","1,134","9,620,846","11.79","11.87","22,551"
"2009","Hawaii","175","1,346,717","13.00","12.43","3,652"
"2009","Idaho","304","1,554,439","19.56","20.30","6,075"
"2009","Illinois","1,177","12,796,778","9.20","9.07","24,389"
"2009","Indiana","828","6,459,325","12.82","12.76","17,264"
"2009","Iowa","361","3,032,870","11.90","11.82","7,788"
"2009","Kansas","382","2,832,704","13.49","13.57","7,941"
"2009","Kentucky","592","4,317,074","13.71","13.48","12,060"
"2009","Louisiana","490","4,491,648","10.91","10.81","10,293"
"2009","Maine","197","1,329,590","14.82","13.96","3,508"
"2009","Maryland","551","5,730,388","9.62","9.33","11,589"
"2009","Massachusetts","530","6,517,613","8.13","7.79","10,514"
"2009","Michigan","1,169","9,901,591","11.81","11.47","23,002"
"2009","Minnesota","584","5,281,203","11.06","10.77","12,547"
"2009","Mississippi","381","2,958,774","12.88","12.99","7,700"
"2009","Missouri","860","5,961,088","14.43","14.25","17,782"
"2009","Montana","219","983,982","22.26","21.12","4,507"
"2009","Nebraska","170","1,812,683","9.38","9.28","3,404"
"2009","Nevada","505","2,684,665","18.81","18.65","8,926"
"2009","New Hampshire","166","1,316,102","12.61","11.87","3,425"
"2009","New Jersey","557","8,755,602","6.36","6.12","11,441"
"2009","New Mexico","376","2,036,802","18.46","18.29","8,445"
"2009","New York","1,417","19,307,066","7.34","7.00","28,083"
"2009","North Carolina","1,174","9,449,566","12.42","12.21","23,892"
"2009","North Dakota","90","664,968","13.53","13.88","2,504"
"2009","Ohio","1,176","11,528,896","10.20","10.01","24,287"
"2009","Oklahoma","567","3,717,572","15.25","15.23","12,234"
"2009","Oregon","644","3,808,600","16.91","16.18","11,661"
"2009","Pennsylvania","1,631","12,666,858","12.88","12.16","30,446"
"2009","Rhode Island","118","1,053,646","11.20","10.81","2,464"
"2009","South Carolina","619","4,589,872","13.49","13.04","11,797"
"2009","South Dakota","129","807,067","15.98","16.24","3,685"
"2009","Tennessee","947","6,306,019","15.02","14.59","18,834"
"2009","Texas","2,809","24,801,761","11.33","11.55","61,236"
"2009","Utah","449","2,723,421","16.49","17.98","11,095"
"2009","Vermont","87","624,817","13.92","12.77","1,416"
"2009","Virginia","963","7,925,937","12.15","11.72","19,161"
"2009","Washington","921","6,667,426","13.81","13.37","18,225"
"2009","West Virginia","253","1,847,775","13.69","13.22","5,037"
"2009","Wisconsin","724","5,669,264","12.77","12.46","15,040"
"2009","Wyoming","111","559,851","19.83","20.34","2,526"
"2008","Alabama","604","4,718,206","12.80","12.60","12,600"
"2008","Alaska","169","687,280","24.59","24.31","4,427"
"2008","Arizona","972","6,280,362","15.48","15.41","18,554"
"2008","Arkansas","447","2,874,554","15.55","15.51","9,521"
"2008","California","3,775","36,604,337","10.31","10.27","69,955"
"2008","Colorado","803","4,889,730","16.42","16.15","16,575"
"2008","Connecticut","315","3,545,579","8.88","8.48","6,405"
"2008","Delaware","109","883,874","12.33","11.89","2,201"
"2008","District of Columbia","43","580,236","7.41","7.48","892"
"2008","Florida","2,740","18,527,305","14.79","13.84","47,006"
"2008","Georgia","981","9,504,843","10.32","10.39","19,644"
"2008","Hawaii","133","1,332,213","9.98","9.79","2,764"
"2008","Idaho","252","1,534,320","16.42","16.60","4,742"
"2008","Illinois","1,198","12,747,038","9.40","9.26","24,200"
"2008","Indiana","809","6,424,806","12.59","12.60","16,370"
"2008","Iowa","380","3,016,734","12.60","12.62","8,172"
"2008","Kansas","337","2,808,076","12.00","12.08","7,784"
"2008","Kentucky","612","4,289,878","14.27","14.03","11,805"
"2008","Louisiana","532","4,435,586","11.99","12.02","11,616"
"2008","Maine","181","1,330,509","13.60","12.70","3,250"
"2008","Maryland","507","5,684,965","8.92","8.63","10,188"
"2008","Massachusetts","509","6,468,967","7.87","7.54","10,077"
"2008","Michigan","1,180","9,946,889","11.86","11.76","24,771"
"2008","Minnesota","596","5,247,018","11.36","11.15","12,847"
"2008","Mississippi","409","2,947,806","13.88","13.91","8,426"
"2008","Missouri","779","5,923,916","13.15","12.98","16,600"
"2008","Montana","203","976,415","20.79","20.70","4,546"
"2008","Nebraska","191","1,796,378","10.63","10.57","4,382"
"2008","Nevada","528","2,653,630","19.90","19.69","9,565"
"2008","New Hampshire","179","1,315,906","13.60","13.17","3,421"
"2008","New Jersey","615","8,711,090","7.06","6.79","11,933"
"2008","New Mexico","419","2,010,662","20.84","20.83","9,329"
"2008","New York","1,409","19,212,436","7.33","7.05","27,538"
"2008","North Carolina","1,162","9,309,449","12.48","12.26","23,561"
"2008","North Dakota","86","657,569","13.08","13.05","2,030"
"2008","Ohio","1,412","11,515,391","12.26","12.17","30,712"
"2008","Oklahoma","575","3,668,976","15.67","15.61","12,189"
"2008","Oregon","572","3,768,748","15.18","14.59","11,054"
"2008","Pennsylvania","1,539","12,612,285","12.20","11.78","30,396"
"2008","Rhode Island","110","1,055,003","10.43","9.90","2,144"
"2008","South Carolina","565","4,528,996","12.48","11.98","11,161"
"2008","South Dakota","124","799,124","15.52","15.75","3,261"
"2008","Tennessee","973","6,247,411","15.57","15.08","19,177"
"2008","Texas","2,552","24,309,039","10.50","10.78","54,439"
"2008","Utah","390","2,663,029","14.65","15.85","9,499"
"2008","Vermont","94","624,151","15.06","14.24","1,845"
"2008","Virginia","948","7,833,496","12.10","11.77","19,533"
"2008","Washington","889","6,562,231","13.55","13.08","17,675"
"2008","West Virginia","261","1,840,310","14.18","13.78","5,111"
"2008","Wisconsin","743","5,640,996","13.17","12.81","15,031"
"2008","Wyoming","124","546,043","22.71","22.61","2,737"
"2007","Alabama","592","4,672,840","12.67","12.39","12,019"
"2007","Alaska","149","680,123","21.91","22.44","3,907"
"2007","Arizona","1,016","6,167,681","16.47","16.52","21,511"
"2007","Arkansas","402","2,848,650","14.11","14.20","8,343"
"2007","California","3,602","36,250,311","9.94","9.92","69,214"
"2007","Colorado","811","4,803,868","16.88","16.57","17,040"
"2007","Connecticut","271","3,527,270","7.68","7.27","5,227"
"2007","Delaware","95","871,749","10.90","10.66","1,751"
"2007","District of Columbia","36","574,404","6.27","6.03","618"
"2007","Florida","2,587","18,367,842","14.08","13.21","44,689"
"2007","Georgia","997","9,349,988","10.66","10.88","19,651"
"2007","Hawaii","133","1,315,675","10.11","9.48","2,536"
"2007","Idaho","223","1,505,105","14.82","15.06","5,189"
"2007","Illinois","1,108","12,695,866","8.73","8.63","23,870"
"2007","Indiana","790","6,379,599","12.38","12.33","16,788"
"2007","Iowa","322","2,999,212","10.74","10.64","6,784"
"2007","Kansas","382","2,783,785","13.72","13.67","8,083"
"2007","Kentucky","649","4,256,672","15.25","15.07","14,167"
"2007","Louisiana","522","4,375,581","11.93","11.90","12,287"
"2007","Maine","191","1,327,040","14.39","13.61","3,805"
"2007","Maryland","518","5,653,408","9.16","9.00","11,205"
"2007","Massachusetts","516","6,431,559","8.02","7.69","10,567"
"2007","Michigan","1,131","10,001,284","11.31","11.09","23,127"
"2007","Minnesota","572","5,207,203","10.99","10.79","12,526"
"2007","Mississippi","396","2,928,350","13.52","13.62","8,324"
"2007","Missouri","808","5,887,612","13.72","13.56","16,703"
"2007","Montana","196","964,706","20.32","19.32","3,611"
"2007","Nebraska","181","1,783,440","10.15","10.19","3,939"
"2007","Nevada","471","2,601,072","18.11","17.96","8,530"
"2007","New Hampshire","158","1,312,540","12.04","11.14","2,831"
"2007","New Jersey","596","8,677,885","6.87","6.69","12,298"
"2007","New Mexico","401","1,990,070","20.15","20.18","8,757"
"2007","New York","1,396","19,132,335","7.30","7.01","27,404"
"2007","North Carolina","1,077","9,118,037","11.81","11.64","21,452"
"2007","North Dakota","95","652,822","14.55","14.09","2,192"
"2007","Ohio","1,295","11,500,468","11.26","11.04","27,166"
"2007","Oklahoma","531","3,634,349","14.61","14.69","10,920"
"2007","Oregon","594","3,722,417","15.96","15.31","10,946"
"2007","Pennsylvania","1,441","12,563,937","11.47","11.07","29,016"
"2007","Rhode Island","96","1,057,315","9.08","8.78","1,969"
"2007","South Carolina","530","4,444,110","11.93","11.64","10,634"
"2007","South Dakota","102","791,623","12.89","12.51","2,558"
"2007","Tennessee","844","6,175,727","13.67","13.38","16,513"
"2007","Texas","2,433","23,831,983","10.21","10.48","53,470"
"2007","Utah","378","2,597,746","14.55","15.75","9,184"
"2007","Vermont","89","623,481","14.28","13.64","1,780"
"2007","Virginia","880","7,751,000","11.35","11.11","17,258"
"2007","Washington","865","6,461,587","13.39","13.08","16,775"
"2007","West Virginia","300","1,834,052","16.36","15.70","5,944"
"2007","Wisconsin","729","5,610,775","12.99","12.72","15,883"
"2007","Wyoming","101","534,876","18.88","19.38","2,238"
"2006","Alabama","580","4,628,981","12.53","12.34","12,432"
"2006","Alaska","135","675,150","20.00","19.69","3,721"
"2006","Arizona","979","6,029,141","16.24","16.31","20,246"
"2006","Arkansas","376","2,821,761","13.33","13.31","7,628"
"2006","California","3,334","36,021,202","9.26","9.31","65,261"
"2006","Colorado","730","4,720,423","15.47","15.22","16,555"
"2006","Connecticut","292","3,517,460","8.30","7.99","6,044"
"2006","Delaware","91","859,268","10.59","10.31","1,944"
"2006","District of Columbia","30","570,681","5.26","5.15","580"
"2006","Florida","2,440","18,166,990","13.43","12.57","41,652"
"2006","Georgia","923","9,155,813","10.08","10.25","18,672"
"2006","Hawaii","120","1,309,731","9.16","8.94","2,813"
"2006","Idaho","222","1,468,669","15.12","15.74","5,063"
"2006","Illinois","1,010","12,643,955","7.99","7.91","21,650"
"2006","Indiana","824","6,332,669","13.01","12.97","17,846"
"2006","Iowa","334","2,982,644","11.20","11.19","7,482"
"2006","Kansas","379","2,762,931","13.72","13.84","8,389"
"2006","Kentucky","622","4,219,239","14.74","14.55","13,268"
"2006","Louisiana","492","4,302,665","11.44","11.51","11,169"
"2006","Maine","158","1,323,619","11.94","11.01","2,846"
"2006","Maryland","495","5,627,367","8.80","8.64","10,532"
"2006","Massachusetts","450","6,410,084","7.02","6.67","9,180"
"2006","Michigan","1,139","10,036,081","11.35","11.15","23,328"
"2006","Minnesota","554","5,163,555","10.73","10.59","12,518"
"2006","Mississippi","325","2,904,978","11.19","11.41","6,548"
"2006","Missouri","799","5,842,704","13.68","13.48","16,785"
"2006","Montana","189","952,692","19.84","19.56","3,935"
"2006","Nebraska","202","1,772,693","11.40","11.20","4,540"
"2006","Nevada","486","2,522,658","19.27","19.23","9,454"
"2006","New Hampshire","151","1,308,389","11.54","11.19","2,922"
"2006","New Jersey","585","8,661,679","6.75","6.54","11,231"
"2006","New Mexico","352","1,962,137","17.94","17.99","8,154"
"2006","New York","1,326","19,104,631","6.94","6.69","26,608"
"2006","North Carolina","1,106","8,917,270","12.40","12.15","22,758"
"2006","North Dakota","90","649,422","13.86","13.26","2,484"
"2006","Ohio","1,325","11,481,213","11.54","11.31","28,213"
"2006","Oklahoma","537","3,594,090","14.94","14.88","11,457"
"2006","Oregon","579","3,670,883","15.77","15.28","11,360"
"2006","Pennsylvania","1,396","12,510,809","11.16","10.81","28,488"
"2006","Rhode Island","90","1,063,096","8.47","8.14","1,901"
"2006","South Carolina","524","4,357,847","12.02","11.80","10,376"
"2006","South Dakota","125","783,033","15.96","16.03","3,081"
"2006","Tennessee","874","6,088,766","14.35","14.11","17,823"
"2006","Texas","2,347","23,359,580","10.05","10.30","52,265"
"2006","Utah","362","2,525,507","14.33","15.91","8,493"
"2006","Vermont","81","622,892","13.00","12.25","1,415"
"2006","Virginia","876","7,673,725","11.42","11.09","17,350"
"2006","Washington","809","6,370,753","12.70","12.29","16,583"
"2006","West Virginia","269","1,827,912","14.72","14.14","5,089"
"2006","Wisconsin","670","5,577,655","12.01","11.92","14,491"
"2006","Wyoming","116","522,667","22.19","21.36","2,385"
"2005","Alabama","535","4,569,805","11.71","11.50","10,498"
"2005","Alaska","131","666,835","19.65","20.01","3,547"
"2005","Arizona","945","5,839,077","16.18","16.33","20,790"
"2005","Arkansas","400","2,781,097","14.38","14.33","8,658"
"2005","California","3,206","35,827,943","8.95","9.09","61,998"
"2005","Colorado","800","4,631,888","17.27","17.16","17,745"
"2005","Connecticut","295","3,506,956","8.41","8.15","5,929"
"2005","Delaware","83","845,150","9.82","9.69","1,767"
"2005","District of Columbia","33","567,136","5.82","5.38","611"
"2005","Florida","2,347","17,842,038","13.15","12.46","42,266"
"2005","Georgia","924","8,925,922","10.35","10.55","18,575"
"2005","Hawaii","107","1,292,729","8.28","8.10","2,296"
"2005","Idaho","228","1,428,241","15.96","16.37","4,679"
"2005","Illinois","1,086","12,609,903","8.61","8.56","22,476"
"2005","Indiana","745","6,278,616","11.87","11.82","16,214"
"2005","Iowa","333","2,964,454","11.23","11.16","7,520"
"2005","Kansas","362","2,745,299","13.19","13.23","7,751"
"2005","Kentucky","566","4,182,742","13.53","13.38","12,088"
"2005","Louisiana","505","4,576,628","11.03","11.00","11,824"
"2005","Maine","175","1,318,787","13.27","12.40","3,066"
"2005","Maryland","472","5,592,379","8.44","8.44","9,979"
"2005","Massachusetts","480","6,403,290","7.50","7.22","10,091"
"2005","Michigan","1,108","10,051,137","11.02","10.96","23,720"
"2005","Minnesota","547","5,119,598","10.68","10.47","12,708"
"2005","Mississippi","363","2,905,943","12.49","12.75","8,206"
"2005","Missouri","727","5,790,300","12.56","12.51","15,568"
"2005","Montana","206","940,102","21.91","21.79","4,560"
"2005","Nebraska","187","1,761,497","10.62","10.93","4,349"
"2005","Nevada","480","2,432,143","19.74","19.79","9,205"
"2005","New Hampshire","162","1,298,492","12.48","11.98","3,042"
"2005","New Jersey","536","8,651,974","6.20","6.08","11,213"
"2005","New Mexico","342","1,932,274","17.70","17.84","7,743"
"2005","New York","1,189","19,132,610","6.22","6.01","24,817"
"2005","North Carolina","1,009","8,705,407","11.59","11.43","20,024"
"2005","North Dakota","92","646,089","14.24","13.72","2,575"
"2005","Ohio","1,341","11,463,320","11.70","11.49","27,939"
"2005","Oklahoma","522","3,548,597","14.71","14.82","11,390"
"2005","Oregon","560","3,613,202","15.50","14.94","10,348"
"2005","Pennsylvania","1,430","12,449,990","11.49","11.11","28,919"
"2005","Rhode Island","71","1,067,916","6.65","6.31","1,409"
"2005","South Carolina","510","4,270,150","11.94","11.82","11,421"
"2005","South Dakota","121","775,493","15.60","15.39","2,742"
"2005","Tennessee","856","5,991,057","14.29","14.00","16,524"
"2005","Texas","2,418","22,778,123","10.62","10.93","54,343"
"2005","Utah","348","2,457,719","14.16","15.26","8,762"
"2005","Vermont","78","621,215","12.56","12.35","1,717"
"2005","Virginia","866","7,577,105","11.43","11.14","17,441"
"2005","Washington","822","6,257,305","13.14","12.76","16,694"
"2005","West Virginia","255","1,820,492","14.01","13.17","4,699"
"2005","Wisconsin","643","5,546,166","11.59","11.50","14,892"
"2005","Wyoming","90","514,157","17.50","17.21","1,944"
"2004","Alabama","541","4,530,729","11.94","11.72","10,997"
"2004","Alaska","155","659,199","23.51","23.06","4,686"
"2004","Arizona","880","5,652,404","15.57","15.80","18,957"
"2004","Arkansas","361","2,749,686","13.13","13.01","7,096"
"2004","California","3,368","35,574,576","9.47","9.64","67,523"
"2004","Colorado","797","4,575,013","17.42","17.17","17,908"
"2004","Connecticut","294","3,496,094","8.41","8.19","6,148"
"2004","Delaware","93","830,803","11.19","11.00","1,864"
"2004","District of Columbia","33","567,754","5.81","5.39","761"
"2004","Florida","2,389","17,415,318","13.72","13.00","42,626"
"2004","Georgia","973","8,769,252","11.10","11.29","21,195"
"2004","Hawaii","116","1,273,569","9.11","8.76","2,430"
"2004","Idaho","236","1,391,802","16.96","17.65","5,021"
"2004","Illinois","1,028","12,589,773","8.17","8.11","22,690"
"2004","Indiana","704","6,233,007","11.30","11.32","15,688"
"2004","Iowa","343","2,953,635","11.61","11.52","7,707"
"2004","Kansas","370","2,734,373","13.53","13.59","8,221"
"2004","Kentucky","560","4,146,101","13.51","13.21","11,997"
"2004","Louisiana","537","4,552,238","11.80","11.90","12,519"
"2004","Maine","171","1,313,688","13.02","12.45","3,593"
"2004","Maryland","500","5,546,935","9.01","8.87","9,963"
"2004","Massachusetts","425","6,412,281","6.63","6.42","8,983"
"2004","Michigan","1,098","10,055,315","10.92","10.86","24,088"
"2004","Minnesota","524","5,087,713","10.30","10.16","12,417"
"2004","Mississippi","350","2,889,010","12.12","12.16","7,654"
"2004","Missouri","715","5,747,741","12.44","12.38","15,311"
"2004","Montana","175","930,009","18.82","18.70","3,816"
"2004","Nebraska","166","1,749,370","9.49","9.52","3,857"
"2004","Nevada","440","2,346,222","18.75","18.93","7,912"
"2004","New Hampshire","133","1,290,121","10.31","9.91","2,739"
"2004","New Jersey","597","8,634,561","6.91","6.80","12,864"
"2004","New Mexico","356","1,903,808","18.70","18.78","8,829"
"2004","New York","1,187","19,171,567","6.19","6.03","25,185"
"2004","North Carolina","1,027","8,553,152","12.01","11.90","22,456"
"2004","North Dakota","73","644,705","11.32","11.05","1,906"
"2004","Ohio","1,319","11,452,251","11.52","11.35","28,400"
"2004","Oklahoma","506","3,525,233","14.35","14.35","10,756"
"2004","Oregon","555","3,569,463","15.55","14.99","10,645"
"2004","Pennsylvania","1,410","12,410,722","11.36","11.05","29,397"
"2004","Rhode Island","85","1,074,579","7.91","7.58","1,911"
"2004","South Carolina","482","4,210,921","11.45","11.29","9,986"
"2004","South Dakota","112","770,396","14.54","14.82","3,115"
"2004","Tennessee","792","5,910,809","13.40","13.17","16,754"
"2004","Texas","2,300","22,394,023","10.27","10.63","50,509"
"2004","Utah","377","2,401,580","15.70","17.22","9,298"
"2004","Vermont","93","619,920","15.00","14.42","1,763"
"2004","Virginia","828","7,475,575","11.08","10.90","16,791"
"2004","Washington","830","6,178,645","13.43","13.29","17,158"
"2004","West Virginia","285","1,816,438","15.69","15.36","6,178"
"2004","Wisconsin","662","5,514,026","12.01","11.88","15,313"
"2004","Wyoming","88","509,106","17.29","17.64","1,814"
"2003","Alabama","521","4,503,491","11.57","11.40","10,579"
"2003","Alaska","124","648,326","19.13","20.15","3,416"
"2003","Arizona","840","5,510,364","15.24","15.48","18,481"
"2003","Arkansas","374","2,724,816","13.73","13.60","7,330"
"2003","California","3,397","35,253,159","9.64","9.86","67,490"
"2003","Colorado","728","4,528,732","16.08","16.04","15,519"
"2003","Connecticut","272","3,484,336","7.81","7.53","5,299"
"2003","Delaware","94","818,003","11.49","11.32","1,885"
"2003","District of Columbia","36","568,502","6.33","5.99","1,086"
"2003","Florida","2,297","17,004,085","13.51","12.81","40,689"
"2003","Georgia","972","8,622,793","11.27","11.61","20,035"
"2003","Hawaii","131","1,251,154","10.47","10.20","2,766"
"2003","Idaho","217","1,363,380","15.92","16.38","4,796"
"2003","Illinois","1,011","12,556,006","8.05","8.03","21,985"
"2003","Indiana","736","6,196,638","11.88","11.89","16,432"
"2003","Iowa","352","2,941,999","11.97","11.81","7,617"
"2003","Kansas","347","2,723,004","12.74","12.73","7,196"
"2003","Kentucky","567","4,117,170","13.77","13.48","12,325"
"2003","Louisiana","461","4,521,042","10.20","10.28","10,649"
"2003","Maine","137","1,306,513","10.49","9.94","2,593"
"2003","Maryland","491","5,496,269","8.93","8.88","10,297"
"2003","Massachusetts","433","6,422,565","6.74","6.53","9,495"
"2003","Michigan","1,029","10,041,152","10.25","10.25","23,099"
"2003","Minnesota","497","5,053,572","9.84","9.77","11,938"
"2003","Mississippi","336","2,868,312","11.71","11.88","7,065"
"2003","Missouri","679","5,709,403","11.89","11.76","14,079"
"2003","Montana","180","919,630","19.57","19.51","4,015"
"2003","Nebraska","176","1,738,643","10.12","10.17","4,171"
"2003","Nevada","434","2,248,850","19.30","19.81","8,465"
"2003","New Hampshire","158","1,279,840","12.35","12.04","3,279"
"2003","New Jersey","588","8,601,402","6.84","6.66","11,506"
"2003","New Mexico","343","1,877,574","18.27","18.65","7,971"
"2003","New York","1,169","19,175,939","6.10","5.94","23,549"
"2003","North Carolina","955","8,422,501","11.34","11.19","20,645"
"2003","North Dakota","81","638,817","12.68","12.20","2,060"
"2003","Ohio","1,074","11,434,788","9.39","9.31","23,043"
"2003","Oklahoma","476","3,504,892","13.58","13.63","10,801"
"2003","Oregon","592","3,547,376","16.69","16.16","10,846"
"2003","Pennsylvania","1,340","12,374,658","10.83","10.52","28,191"
"2003","Rhode Island","84","1,071,342","7.84","7.70","1,697"
"2003","South Carolina","476","4,150,297","11.47","11.46","9,441"
"2003","South Dakota","102","763,729","13.36","13.55","2,558"
"2003","Tennessee","762","5,847,812","13.03","12.82","16,188"
"2003","Texas","2,363","22,030,931","10.73","11.11","52,857"
"2003","Utah","336","2,360,137","14.24","15.44","8,573"
"2003","Vermont","83","617,858","13.43","12.99","1,659"
"2003","Virginia","808","7,366,977","10.97","10.84","17,204"
"2003","Washington","803","6,104,115","13.16","13.01","16,583"
"2003","West Virginia","266","1,812,295","14.68","14.01","5,179"
"2003","Wisconsin","647","5,479,203","11.81","11.63","14,441"
"2003","Wyoming","109","503,453","21.65","21.92","2,457"
"2002","Alabama","514","4,480,089","11.47","11.43","10,616"
"2002","Alaska","132","642,270","20.55","20.91","3,649"
"2002","Arizona","886","5,396,255","16.42","16.55","19,144"
"2002","Arkansas","377","2,705,927","13.93","13.96","8,507"
"2002","California","3,228","34,871,843","9.26","9.57","61,876"
"2002","Colorado","727","4,490,406","16.19","16.16","16,677"
"2002","Connecticut","260","3,458,749","7.52","7.28","5,203"
"2002","Delaware","74","806,169","9.18","9.11","1,720"
"2002","District of Columbia","31","573,158","5.41","5.13","664"
"2002","Florida","2,338","16,689,370","14.01","13.31","41,375"
"2002","Georgia","909","8,508,256","10.68","11.03","18,969"
"2002","Hawaii","120","1,239,613","9.68","9.51","2,532"
"2002","Idaho","202","1,340,372","15.07","15.49","4,313"
"2002","Illinois","1,145","12,525,556","9.14","9.14","25,004"
"2002","Indiana","743","6,155,967","12.07","12.09","16,305"
"2002","Iowa","314","2,934,234","10.70","10.65","7,223"
"2002","Kansas","345","2,713,535","12.71","12.64","7,649"
"2002","Kentucky","540","4,089,875","13.20","12.97","11,801"
"2002","Louisiana","499","4,497,267","11.10","11.19","11,351"
"2002","Maine","166","1,295,960","12.81","12.56","3,539"
"2002","Maryland","477","5,440,389","8.77","8.77","10,259"
"2002","Massachusetts","436","6,417,206","6.79","6.59","9,350"
"2002","Michigan","1,106","10,015,710","11.04","11.06","24,145"
"2002","Minnesota","497","5,018,935","9.90","9.82","11,426"
"2002","Mississippi","343","2,858,681","12.00","12.19","8,063"
"2002","Missouri","693","5,674,825","12.21","12.11","14,269"
"2002","Montana","184","911,667","20.18","20.00","3,943"
"2002","Nebraska","201","1,728,292","11.63","11.72","4,471"
"2002","Nevada","423","2,173,791","19.46","19.58","7,965"
"2002","New Hampshire","132","1,269,089","10.40","10.25","2,974"
"2002","New Jersey","553","8,552,643","6.47","6.30","10,516"
"2002","New Mexico","349","1,855,309","18.81","19.16","7,983"
"2002","New York","1,228","19,137,800","6.42","6.31","27,153"
"2002","North Carolina","986","8,326,201","11.84","11.74","19,401"
"2002","North Dakota","91","638,168","14.26","14.26","1,886"
"2002","Ohio","1,287","11,407,889","11.28","11.15","26,552"
"2002","Oklahoma","501","3,489,080","14.36","14.38","11,219"
"2002","Oregon","518","3,513,424","14.74","14.40","10,274"
"2002","Pennsylvania","1,341","12,331,031","10.88","10.68","29,342"
"2002","Rhode Island","86","1,065,995","8.07","7.95","1,931"
"2002","South Carolina","440","4,107,795","10.71","10.71","9,195"
"2002","South Dakota","94","760,020","12.37","12.32","2,389"
"2002","Tennessee","778","5,795,918","13.42","13.26","16,170"
"2002","Texas","2,311","21,690,325","10.66","11.07","51,945"
"2002","Utah","340","2,324,815","14.63","16.13","8,684"
"2002","Vermont","92","615,442","14.95","14.37","1,653"
"2002","Virginia","799","7,286,873","10.97","10.90","15,934"
"2002","Washington","811","6,052,349","13.40","13.31","16,416"
"2002","West Virginia","276","1,805,414","15.29","14.79","6,080"
"2002","Wisconsin","627","5,445,162","11.52","11.34","14,209"
"2002","Wyoming","105","500,017","21.00","20.83","2,484"
"2001","Alabama","512","4,467,634","11.46","11.37","10,881"
"2001","Alaska","102","633,687","16.10","15.89","2,807"
"2001","Arizona","767","5,273,477","14.54","14.79","16,422"
"2001","Arkansas","382","2,691,571","14.19","14.25","8,552"
"2001","California","2,831","34,479,458","8.21","8.50","56,626"
"2001","Colorado","722","4,425,687","16.31","16.47","16,169"
"2001","Connecticut","283","3,432,835","8.24","8.13","6,000"
"2001","Delaware","108","795,699","13.57","13.44","2,422"
"2001","District of Columbia","40","574,504","6.96","6.45","1,000"
"2001","Florida","2,314","16,356,966","14.15","13.46","41,688"
"2001","Georgia","935","8,377,038","11.16","11.39","21,208"
"2001","Hawaii","136","1,225,948","11.09","10.86","2,967"
"2001","Idaho","210","1,319,962","15.91","16.29","4,946"
"2001","Illinois","1,139","12,488,445","9.12","9.16","24,707"
"2001","Indiana","715","6,127,760","11.67","11.69","15,267"
"2001","Iowa","304","2,931,997","10.37","10.22","7,042"
"2001","Kansas","293","2,702,162","10.84","10.96","7,339"
"2001","Kentucky","495","4,068,132","12.17","12.02","10,725"
"2001","Louisiana","493","4,477,875","11.01","11.21","10,571"
"2001","Maine","161","1,285,692","12.52","12.12","3,209"
"2001","Maryland","454","5,374,691","8.45","8.41","9,943"
"2001","Massachusetts","426","6,397,634","6.66","6.47","9,304"
"2001","Michigan","1,051","9,991,120","10.52","10.54","23,175"
"2001","Minnesota","480","4,982,796","9.63","9.61","11,235"
"2001","Mississippi","328","2,852,994","11.50","11.72","7,454"
"2001","Missouri","725","5,641,142","12.85","12.78","15,952"
"2001","Montana","175","906,961","19.30","19.30","3,652"
"2001","Nebraska","187","1,719,836","10.87","10.95","4,220"
"2001","Nevada","387","2,098,399","18.44","18.62","7,234"
"2001","New Hampshire","167","1,255,517","13.30","13.10","4,045"
"2001","New Jersey","588","8,492,671","6.92","6.79","12,116"
"2001","New Mexico","362","1,831,690","19.76","20.21","7,631"
"2001","New York","1,253","19,082,838","6.57","6.47","26,781"
"2001","North Carolina","997","8,210,122","12.14","12.02","21,052"
"2001","North Dakota","79","639,062","12.36","12.85","1,796"
"2001","Ohio","1,219","11,387,404","10.71","10.62","25,643"
"2001","Oklahoma","515","3,467,100","14.85","14.88","11,122"
"2001","Oregon","505","3,467,937","14.56","14.34","10,172"
"2001","Pennsylvania","1,276","12,298,970","10.38","10.16","27,360"
"2001","Rhode Island","88","1,057,142","8.32","8.05","2,134"
"2001","South Carolina","467","4,064,995","11.49","11.38","10,253"
"2001","South Dakota","105","757,972","13.85","13.97","2,663"
"2001","Tennessee","711","5,750,789","12.36","12.23","15,148"
"2001","Texas","2,225","21,319,622","10.44","10.87","50,076"
"2001","Utah","321","2,283,715","14.06","15.51","8,364"
"2001","Vermont","72","612,223","11.76","11.50","1,494"
"2001","Virginia","797","7,198,362","11.07","10.95","17,095"
"2001","Washington","712","5,985,722","11.90","11.84","14,849"
"2001","West Virginia","286","1,801,481","15.88","15.04","5,044"
"2001","Wisconsin","639","5,406,835","11.82","11.69","14,285"
"2001","Wyoming","83","494,657","16.78","16.38","2,053"
"Total","","780,248","6,183,750,384","12.62","--","15,765,044"
"","","","","","",""
"Injury Outcome: Fatal","","","","","",""
"Injury Type: All Injury","","","","","",""
"Data Years: 2001 to 2020","","","","","",""
"Geography: United States","","","","","",""
"Intent: Suicide","","","","","",""
"Mechanism: All Injury","","","","","",""
"Age: All Ages","","","","","",""
"Sex: Both Sexes","","","","","",""
"Race: All Races","","","","","",""
"Ethnicity: All Ethnicities","","","","","",""
"Metro / Non-Metro Indicator: None Selected","","","","","",""
"YPLL Age: 65","","","","","",""
"Produced by: National Center for Injury Prevention and Control, CDC.","","","","","",""